I Don't Love You Anymore: Moving On & Living Your Best Life Paperback – 13 February 2024,Rithvik Singh,Rs.261,,-13%,4.5,67 ratings
RAM C/O ANANDHI Paperback – 1 January 2020,AKHIL P DHARMAJAN,Rs.393,,-2%,4.5,225 ratings
"11 Rules For Life: Secrets to Level Up Paperback – Import, 26 February 2024",Chetan Bhagat,Rs.189,,-24%,4.8,18 ratings
I Don't Love You Anymore: Moving On & Living Your Best Life Paperback – 13 February 2024,Rithvik Singh,Rs.261,,-13%,4.5,67 ratings
RAM C/O ANANDHI Paperback – 1 January 2020,AKHIL P DHARMAJAN,Rs.393,,-2%,4.5,225 ratings
"11 Rules For Life: Secrets to Level Up Paperback – Import, 26 February 2024",Chetan Bhagat,Rs.189,,-24%,4.8,18 ratings
I Don't Love You Anymore: Moving On & Living Your Best Life Paperback – 13 February 2024,Rithvik Singh,Rs.261,,-13%,4.5,67 ratings
RAM C/O ANANDHI Paperback – 1 January 2020,AKHIL P DHARMAJAN,Rs.393,,-2%,4.5,225 ratings
"11 Rules For Life: Secrets to Level Up Paperback – Import, 26 February 2024",Chetan Bhagat,Rs.189,,-24%,4.8,18 ratings
Breakout Trading Made Easy: Maximize Your Profits with Simple Price Action Strategies Paperback – 23 December 2023,Sunil Gurjar,Rs.299,,-40%,4.8,"1,431 ratings"
I Don't Love You Anymore: Moving On & Living Your Best Life Paperback – 13 February 2024,Rithvik Singh,Rs.Not found,,Discount not found,4.5,67 ratings
RAM C/O ANANDHI Paperback – 1 January 2020,AKHIL P DHARMAJAN,Rs.Not found,,Discount not found,4.5,225 ratings
"11 Rules For Life: Secrets to Level Up Paperback – Import, 26 February 2024",Chetan Bhagat,Rs.Not found,,Discount not found,4.8,18 ratings
Breakout Trading Made Easy: Maximize Your Profits with Simple Price Action Strategies Paperback – 23 December 2023,Sunil Gurjar,Rs.Not found,,Discount not found,4.8,"1,431 ratings"
I Don't Love You Anymore: Moving On & Living Your Best Life Paperback – 13 February 2024,Rithvik Singh,Rs.Not found,,Discount not found,4.5,67 ratings
RAM C/O ANANDHI Paperback – 1 January 2020,AKHIL P DHARMAJAN,Rs.Not found,,Discount not found,4.5,225 ratings
"11 Rules For Life: Secrets to Level Up Paperback – Import, 26 February 2024",Chetan Bhagat,Rs.Not found,,Discount not found,4.8,18 ratings
Breakout Trading Made Easy: Maximize Your Profits with Simple Price Action Strategies Paperback – 23 December 2023,Sunil Gurjar,Rs.Not found,,Discount not found,4.8,"1,431 ratings"
Man's Search For Meaning: The classic tribute to hope from the Holocaust Paperback – 1 January 2010,Victor E. Frankl,Rs.Not found,,Discount not found,4.5,"84,539 ratings"
"Quantitative Aptitude for Competitive Examinations All Government and Entrance Exams (Banking, SSC, Railway, Police, Civil Service, etc.) 40 Videos | 2000+ Solved Examples | 10000+ Practice Questions Paperback – 10 April 2022",R. S Aggarwal,Rs.Not found,,Discount not found,4.3,"2,157 ratings"
I Don't Love You Anymore: Moving On & Living Your Best Life Paperback – 13 February 2024,Rithvik Singh,Rs.Not found,Discount not found,4.5,67 ratings
RAM C/O ANANDHI Paperback – 1 January 2020,AKHIL P DHARMAJAN,Rs.Not found,Discount not found,4.5,225 ratings
"11 Rules For Life: Secrets to Level Up Paperback – Import, 26 February 2024",Chetan Bhagat,Rs.Not found,Discount not found,4.8,18 ratings
Breakout Trading Made Easy: Maximize Your Profits with Simple Price Action Strategies Paperback – 23 December 2023,Sunil Gurjar,Rs.Not found,Discount not found,4.8,"1,431 ratings"
Man's Search For Meaning: The classic tribute to hope from the Holocaust Paperback – 1 January 2010,Victor E. Frankl,Rs.Not found,Discount not found,4.5,"84,539 ratings"
"Quantitative Aptitude for Competitive Examinations All Government and Entrance Exams (Banking, SSC, Railway, Police, Civil Service, etc.) 40 Videos | 2000+ Solved Examples | 10000+ Practice Questions Paperback – 10 April 2022",R. S Aggarwal,Rs.Not found,Discount not found,4.3,"2,158 ratings"
I Don't Love You Anymore: Moving On & Living Your Best Life Paperback – 13 February 2024,Rithvik Singh,Rs.Not found,Discount not found,4.5,67 ratings
RAM C/O ANANDHI Paperback – 1 January 2020,AKHIL P DHARMAJAN,Rs.Not found,Discount not found,4.5,225 ratings
"11 Rules For Life: Secrets to Level Up Paperback – Import, 26 February 2024",Chetan Bhagat,Rs.Not found,Discount not found,4.8,18 ratings
Breakout Trading Made Easy: Maximize Your Profits with Simple Price Action Strategies Paperback – 23 December 2023,Sunil Gurjar,Rs.Not found,Discount not found,4.8,"1,431 ratings"
Man's Search For Meaning: The classic tribute to hope from the Holocaust Paperback – 1 January 2010,Victor E. Frankl,Rs.Not found,Discount not found,4.5,"84,539 ratings"
"Quantitative Aptitude for Competitive Examinations All Government and Entrance Exams (Banking, SSC, Railway, Police, Civil Service, etc.) 40 Videos | 2000+ Solved Examples | 10000+ Practice Questions Paperback – 10 April 2022",R. S Aggarwal,Rs.Not found,Discount not found,4.3,"2,158 ratings"
I Don't Love You Anymore: Moving On & Living Your Best Life Paperback – 13 February 2024,Rithvik Singh,Rs.Not found,Discount not found,4.5,74 ratings
RAM C/O ANANDHI Paperback – 1 January 2020,AKHIL P DHARMAJAN,Rs.Not found,Discount not found,4.5,226 ratings
Professor Ki Diary Paperback – 28 January 2024,Dr. Laxman Yadav,Rs.Not found,Discount not found,4.8,140 ratings
"Nursery Rhymes Board Book (My First Book Series): Illustrated Classic Nursery Rhymes Board book – Picture Book, 1 January 2018",Wonder House Books,Rs.Not found,Discount not found,4.6,"4,561 ratings"
"Little Colouring Books for Kids (Set of 10 Books) - Gift to children for painting, drawing and colouring - Alphabets, Animals, Birds, Flags, Flowers, ... Transport, Vegetables - 3 to 6 years old [Paperback] Maple Press Paperback – Coloring Book, 1 January 2020",Maple Press,Rs.Not found,Discount not found,4.3,"3,699 ratings"
Taxmann’s New Criminal Laws Combo – Bharatiya Nyaya Sanhita 2023 (BNS) | Bharatiya Nagarik Suraksha Sanhita 2023 (BNSS) | Bharatiya Sakshya Adhiniyam 2023 (BSA) | 3 Books Set Paperback – 25 February 2024,Taxmann,Rs.Not found,Discount not found,4.2,60 ratings
